,base_training_loss,base_validation_accuracy,diff_training_loss,diff_validation_accuracy
0,10.88594913482666,0.11660784482955933,10.927754402160645,0.11463137716054916
1,10.352703094482422,0.12472549825906754,10.246647834777832,0.12423922121524811
2,10.048826217651367,0.1258431375026703,10.276594161987305,0.12429412454366684
3,10.043441772460938,0.12572157382965088,10.102231979370117,0.12029412388801575
4,9.702502250671387,0.12501177191734314,9.774994850158691,0.11518824100494385
5,9.351153373718262,0.12895295023918152,9.434762954711914,0.11386275291442871
6,8.415722846984863,0.12927451729774475,9.118828773498535,0.11395686864852905
7,9.024678230285645,0.12975294888019562,9.09327220916748,0.11436471343040466
8,8.775094032287598,0.13074903190135956,8.914413452148438,0.11472157388925552
9,8.651700973510742,0.13041961193084717,8.734116554260254,0.1148509830236435
10,8.350691795349121,0.1308235377073288,8.498895645141602,0.11487843841314316
11,8.529740333557129,0.13075686991214752,8.486101150512695,0.11510196328163147
12,8.150063514709473,0.13127058744430542,8.224591255187988,0.11556471139192581
13,7.778318881988525,0.13227058947086334,8.235036849975586,0.1158117726445198
14,7.462967872619629,0.13273726403713226,8.199178695678711,0.11614510416984558
15,8.140301704406738,0.13567844033241272,8.07375717163086,0.11631765216588974
16,7.319593906402588,0.13753725588321686,7.860016822814941,0.11568628251552582
17,7.113545894622803,0.1343490183353424,7.487040996551514,0.11568235605955124
18,8.069967269897461,0.13429412245750427,7.621786594390869,0.11617647856473923
19,7.523531436920166,0.1363176554441452,7.777454376220703,0.13056470453739166
20,7.572867393493652,0.1377725601196289,7.832493305206299,0.13487452268600464
21,7.408716678619385,0.13848628103733063,7.906703472137451,0.13161569833755493
22,6.955835819244385,0.13876470923423767,6.585809707641602,0.13327844440937042
23,7.589271545410156,0.13938824832439423,7.83003044128418,0.14147059619426727
24,7.660166263580322,0.13824313879013062,7.204135417938232,0.1367921680212021
25,7.238400459289551,0.14182353019714355,7.7806196212768555,0.13642746210098267
26,7.2570061683654785,0.1428196132183075,7.931554794311523,0.1381254941225052
27,7.240378379821777,0.1427764743566513,7.552138328552246,0.13731765747070312
28,7.629073619842529,0.1385921686887741,7.775346755981445,0.14128628373146057
29,7.572864532470703,0.13916079699993134,7.10403299331665,0.13912157714366913
30,7.612248420715332,0.14377647638320923,5.799813747406006,0.14072157442569733
31,7.434539318084717,0.14514902234077454,7.05370569229126,0.14445491135120392
32,7.261735916137695,0.14258824288845062,7.01665735244751,0.1420784443616867
33,7.111041069030762,0.13954117894172668,7.71574592590332,0.14032156765460968
34,6.695915699005127,0.14452549815177917,7.342450141906738,0.1444588303565979
35,7.230255603790283,0.14560392498970032,6.944429397583008,0.13933725655078888
36,7.024494171142578,0.14443138241767883,7.3190531730651855,0.14061176776885986
37,6.998997211456299,0.14406275749206543,6.891643047332764,0.1431686282157898
38,7.635581016540527,0.14389412105083466,7.419113636016846,0.14284314215183258
39,7.507138252258301,0.14329804480075836,6.142658710479736,0.14198431372642517
40,7.0035295486450195,0.14251765608787537,7.228697776794434,0.14198431372642517
41,7.183815956115723,0.1418745219707489,7.372517108917236,0.14286275207996368
42,6.232917308807373,0.14159607887268066,7.252838134765625,0.14702746272087097
43,7.151400566101074,0.14192157983779907,6.75982141494751,0.1457725614309311
44,8.198127746582031,0.14274902641773224,7.597762107849121,0.14545491337776184
45,7.075839519500732,0.14410588145256042,6.852842807769775,0.14517255127429962
46,7.056304931640625,0.14540785551071167,7.4259185791015625,0.15015295147895813
47,7.028280735015869,0.14590196311473846,6.560987949371338,0.15034902095794678
48,6.672658920288086,0.14674901962280273,6.811440944671631,0.14924314618110657
49,7.188127517700195,0.14737647771835327,7.120704650878906,0.1456470638513565
50,6.798144817352295,0.14779216051101685,7.4922404289245605,0.14631766080856323
51,7.336951732635498,0.1479843258857727,6.937127113342285,0.15011373162269592
52,6.302572250366211,0.14902745187282562,7.4919610023498535,0.1479647159576416
53,7.686254501342773,0.14967060089111328,6.5534539222717285,0.14972549676895142
54,6.269027233123779,0.149113729596138,6.121113300323486,0.15113726258277893
55,7.08519172668457,0.14971765875816345,6.759698867797852,0.14738039672374725
56,7.6617231369018555,0.15025882422924042,6.872891426086426,0.145792156457901
57,6.549630641937256,0.1513686329126358,6.7607102394104,0.1505294144153595
58,7.287559986114502,0.1517568677663803,6.890500068664551,0.15314510464668274
59,7.284952163696289,0.15301962196826935,7.487605571746826,0.1532353013753891
60,7.015443325042725,0.15365490317344666,7.036235809326172,0.15248236060142517
61,7.499001979827881,0.15409019589424133,7.079785346984863,0.14985491335391998
62,7.106975555419922,0.15398824214935303,6.644164085388184,0.14921961724758148
63,7.031689167022705,0.1531333476305008,6.7691330909729,0.15117648243904114
64,7.491232872009277,0.15272550284862518,7.049288272857666,0.15238824486732483
65,7.48462438583374,0.15365490317344666,7.241758823394775,0.15210981667041779
66,6.72227668762207,0.15238039195537567,6.605141639709473,0.1520235389471054
67,7.570826530456543,0.15136471390724182,6.436860084533691,0.15346667170524597
68,7.150907039642334,0.15064314007759094,6.722784042358398,0.15460000932216644
69,7.027178764343262,0.15060000121593475,7.293788909912109,0.15451765060424805
70,7.108914375305176,0.15105490386486053,6.991478443145752,0.15554510056972504
71,6.707000255584717,0.1512274593114853,7.282580375671387,0.1567803919315338
72,7.032114028930664,0.15113334357738495,6.428398609161377,0.15647843480110168
73,7.368600845336914,0.15312157571315765,6.683145046234131,0.15679608285427094
74,7.061408996582031,0.15538039803504944,6.440014362335205,0.1569490283727646
75,7.120145320892334,0.15525491535663605,7.237534999847412,0.1568039357662201
76,6.504337310791016,0.1554274559020996,7.06894063949585,0.15681569278240204
77,6.262176036834717,0.15494902431964874,6.869110584259033,0.1570902019739151
78,6.71786642074585,0.15456078946590424,6.557298183441162,0.1578705906867981
79,7.588623523712158,0.15550196170806885,6.471857070922852,0.15812157094478607
80,7.210866928100586,0.1558196097612381,7.314454078674316,0.15812157094478607
81,6.644918441772461,0.15558040142059326,6.586894512176514,0.1576235294342041
82,7.001527309417725,0.1556352972984314,6.595015048980713,0.1576627492904663
83,6.865086078643799,0.15518824756145477,6.776009559631348,0.15819215774536133
84,6.995689392089844,0.1552470624446869,6.906498908996582,0.15859608352184296
85,7.311884880065918,0.1551647186279297,6.982597827911377,0.1587294191122055
86,7.121997356414795,0.15566274523735046,5.8965744972229,0.15854902565479279
87,6.580812454223633,0.15602745115756989,6.8586273193359375,0.15753726661205292
88,6.600168704986572,0.1562078446149826,7.218163967132568,0.15657255053520203
89,7.1926703453063965,0.15564315021038055,6.084205627441406,0.1568862795829773
90,6.881129264831543,0.1549372673034668,6.8239569664001465,0.15830981731414795
91,6.836721897125244,0.15480001270771027,6.386101722717285,0.15929804742336273
92,6.005377292633057,0.15486668050289154,6.58591365814209,0.15809020400047302
93,6.809222221374512,0.15252549946308136,6.802957534790039,0.15843138098716736
94,6.728882312774658,0.15460000932216644,6.649025917053223,0.15916863083839417
95,6.754886150360107,0.15709412097930908,7.382802963256836,0.15863922238349915
96,6.311440467834473,0.1569647192955017,7.0447306632995605,0.15752941370010376
97,6.958305835723877,0.15729020535945892,6.64654541015625,0.15759216248989105
98,7.081833362579346,0.15744706988334656,6.470981121063232,0.15890197455883026
99,7.204676628112793,0.15718431770801544,6.206045627593994,0.15925490856170654
100,7.077392101287842,0.15552157163619995,7.2209672927856445,0.1603098064661026
101,7.29367733001709,0.15510588884353638,6.531473636627197,0.1612549126148224
102,6.767080783843994,0.15662354230880737,6.797732353210449,0.16105099022388458
103,7.308170318603516,0.15794511139392853,7.211496829986572,0.16120000183582306
104,7.287826061248779,0.15774118900299072,6.239358425140381,0.16204313933849335
105,6.896484375,0.15689805150032043,6.637143135070801,0.16249020397663116
106,6.36871337890625,0.15638823807239532,7.3134026527404785,0.1627882421016693
107,7.073464393615723,0.15663138031959534,7.080162048339844,0.16239216923713684
108,6.408031940460205,0.15745098888874054,7.0652265548706055,0.16261962056159973
109,6.766350269317627,0.15778039395809174,6.503508567810059,0.1625058948993683
110,6.093367576599121,0.15738040208816528,6.425217628479004,0.1632000058889389
111,7.014148235321045,0.15654902160167694,6.909640789031982,0.16369804739952087
112,6.629744529724121,0.15591765940189362,7.134984493255615,0.16364707052707672
113,6.676164627075195,0.15671765804290771,6.488446235656738,0.16409412026405334
114,6.342568874359131,0.15774118900299072,5.637388229370117,0.164737269282341
115,7.271259784698486,0.1582196205854416,6.113999843597412,0.16538432240486145
116,6.815986633300781,0.15854902565479279,6.412688732147217,0.16571766138076782
117,6.331793308258057,0.15843921899795532,6.4964118003845215,0.16606667637825012
118,6.470830917358398,0.15873725712299347,5.627278804779053,0.16736863553524017
119,6.549592018127441,0.1593019664287567,7.300217151641846,0.167607843875885
120,7.35378885269165,0.15980000793933868,6.6152472496032715,0.1675058901309967
121,6.7790913581848145,0.16036079823970795,6.976177215576172,0.16731373965740204
122,5.879081726074219,0.16025882959365845,6.267663955688477,0.1672823578119278
123,7.112152576446533,0.1601843237876892,6.529706954956055,0.16701962053775787
124,6.367647647857666,0.16024313867092133,6.788816928863525,0.16655294597148895
125,6.7015252113342285,0.16007059812545776,6.228888511657715,0.16672158241271973
126,5.7370285987854,0.15994510054588318,6.556898593902588,0.16775687038898468
127,6.660028457641602,0.16021177172660828,6.289902210235596,0.16928236186504364
128,6.489194869995117,0.16040392220020294,7.027773380279541,0.17102745175361633
129,6.665102481842041,0.16114118695259094,7.000965118408203,0.1705647110939026
130,6.453084945678711,0.1620941311120987,6.224607944488525,0.16982746124267578
131,7.031716823577881,0.16231372952461243,6.255501747131348,0.17124706506729126
132,6.710391044616699,0.1621333360671997,6.292186737060547,0.17170588672161102
133,6.420111656188965,0.1622745245695114,6.318403720855713,0.17110197246074677
134,7.0510382652282715,0.1613137274980545,6.4818878173828125,0.17093726992607117
135,6.22231912612915,0.15999215841293335,5.768343448638916,0.17224706709384918
136,6.646613121032715,0.16014118492603302,6.619585037231445,0.17298823595046997
137,6.254866600036621,0.16271765530109406,5.733179569244385,0.17328235507011414
138,6.666059970855713,0.16331765055656433,5.727522373199463,0.1739058941602707
139,6.111753940582275,0.1633215695619583,6.628662109375,0.1737803965806961
140,6.16536283493042,0.1639411896467209,6.121797561645508,0.17438824474811554
141,6.727212905883789,0.16505883634090424,6.437772274017334,0.17524707317352295
142,6.837205410003662,0.1658666729927063,6.330752372741699,0.17616863548755646
143,6.652434349060059,0.16573725640773773,6.921318054199219,0.17756862938404083
144,6.325038433074951,0.16501177847385406,6.860439300537109,0.17749804258346558
145,6.552225112915039,0.16463921964168549,6.388211727142334,0.17718824744224548
146,6.562809944152832,0.16450588405132294,5.995049476623535,0.17801961302757263
147,6.752320766448975,0.16458040475845337,6.480688095092773,0.1790078580379486
148,6.091104984283447,0.16498824954032898,5.867555618286133,0.17949804663658142
149,6.3250298500061035,0.165807843208313,6.75001335144043,0.17912550270557404
150,7.229836463928223,0.16578039526939392,6.499033451080322,0.1783764809370041
151,6.482588768005371,0.16562746465206146,6.442239761352539,0.17885883152484894
152,5.841913223266602,0.1658431440591812,7.071521282196045,0.1798078566789627
153,6.736782550811768,0.16658039391040802,6.395537376403809,0.17989805340766907
154,5.833767890930176,0.16702745854854584,6.402398586273193,0.17947451770305634
155,5.769290924072266,0.16745491325855255,6.970115661621094,0.1797490268945694
156,6.696929931640625,0.16870589554309845,6.2709736824035645,0.1803451031446457
157,6.00657844543457,0.16944706439971924,6.496570110321045,0.18025098741054535
158,6.952325820922852,0.16945883631706238,6.04598331451416,0.18055294454097748
159,7.071793556213379,0.17049412429332733,6.686156272888184,0.18141569197177887
160,6.660956382751465,0.17020392417907715,6.718799114227295,0.18216471374034882
161,6.385159492492676,0.1694353073835373,6.930845260620117,0.18306274712085724
162,6.9106764793396,0.16866667568683624,6.412713050842285,0.18271765112876892
163,6.56255578994751,0.168596088886261,6.4108567237854,0.18406274914741516
164,6.8812456130981445,0.16866667568683624,6.3568572998046875,0.18438825011253357
165,6.883591651916504,0.1699490249156952,6.332400798797607,0.18429411947727203
166,5.519771099090576,0.17064706981182098,6.451766490936279,0.18362745642662048
167,6.503453254699707,0.1697843223810196,6.806746482849121,0.18367843329906464
168,5.940831184387207,0.16975295543670654,6.167033672332764,0.18134118616580963
169,6.330995559692383,0.17016471922397614,6.263443470001221,0.1807725578546524
170,6.541934013366699,0.1705215722322464,5.179628372192383,0.18250197172164917
171,6.243932247161865,0.16981177031993866,6.118012428283691,0.18490588665008545
172,6.130491256713867,0.16927452385425568,6.355912208557129,0.18597255647182465
173,6.5091552734375,0.1707451045513153,6.234740257263184,0.1864313781261444
174,7.233274459838867,0.1717529445886612,5.879649639129639,0.18662746250629425
175,7.1424078941345215,0.17127059400081635,6.474472999572754,0.18619216978549957
176,7.049624919891357,0.17137256264686584,6.490671634674072,0.1860862821340561
177,6.2338738441467285,0.1712784320116043,6.445132732391357,0.18566274642944336
178,6.665591716766357,0.1709921658039093,6.403737545013428,0.18597255647182465
179,6.654399871826172,0.17055687308311462,6.700010776519775,0.18649020791053772
180,6.724656105041504,0.16914118826389313,6.221969127655029,0.18753334879875183
181,6.573855876922607,0.16880784928798676,5.143526077270508,0.18829020857810974
182,6.652841091156006,0.1704156994819641,6.294162273406982,0.18880392611026764
183,6.764808177947998,0.1729019731283188,6.931973457336426,0.18923529982566833
184,6.8727641105651855,0.17301177978515625,6.3673882484436035,0.1896117776632309
185,6.844280242919922,0.17345882952213287,6.148094177246094,0.18965491652488708
186,5.901403427124023,0.17372550070285797,6.155470848083496,0.19034118950366974
187,6.516687393188477,0.1732666790485382,5.663477897644043,0.18983137607574463
188,6.362700939178467,0.17231373488903046,6.71627140045166,0.189384326338768
189,6.235767364501953,0.17182353138923645,5.840236663818359,0.19031372666358948
190,6.213068008422852,0.1728588342666626,6.331988334655762,0.19158823788166046
191,6.589274883270264,0.17295686900615692,6.37108850479126,0.1917019635438919
192,5.984678745269775,0.17295295000076294,6.154053211212158,0.19144314527511597
193,5.896791934967041,0.17331765592098236,6.269221782684326,0.19071373343467712
194,6.375710964202881,0.17401570081710815,6.550426483154297,0.1909019649028778
195,6.784872531890869,0.17453333735466003,6.726656436920166,0.19159217178821564
196,6.557911396026611,0.1743764728307724,6.270140171051025,0.19228236377239227
197,6.700793743133545,0.17381177842617035,6.491491317749023,0.1925647109746933
198,7.008683681488037,0.1739255040884018,5.950686931610107,0.19258823990821838
199,6.517447471618652,0.17426668107509613,5.814214706420898,0.19279608130455017
200,6.140223979949951,0.17365099489688873,6.883382797241211,0.19372549653053284
201,6.284322738647461,0.17271766066551208,6.539807319641113,0.19363921880722046
202,5.883561134338379,0.17235295474529266,5.70646858215332,0.1933450996875763
203,6.7796101570129395,0.17352941632270813,6.673264026641846,0.19400392472743988
204,6.133293628692627,0.1743764728307724,6.112669467926025,0.1955804079771042
205,6.100855827331543,0.17438432574272156,5.171823501586914,0.19608628749847412
206,5.960403919219971,0.17481961846351624,6.321141242980957,0.1964588314294815
207,6.172050952911377,0.17502745985984802,6.438356399536133,0.19556471705436707
208,6.281007289886475,0.17516079545021057,5.76209831237793,0.1949843168258667
209,5.48436164855957,0.17633725702762604,6.1780877113342285,0.1942862868309021
210,5.80181360244751,0.1768549084663391,6.12664270401001,0.19308628141880035
211,6.75565767288208,0.17752550542354584,6.151406764984131,0.19400785863399506
212,6.770077705383301,0.17889805138111115,6.427614688873291,0.195290207862854
213,6.205704689025879,0.18058040738105774,6.25786828994751,0.19532549381256104
214,5.5458903312683105,0.1807137280702591,5.992743968963623,0.193733349442482
215,5.691991329193115,0.18049021065235138,5.1992716789245605,0.1930784434080124
216,6.351929187774658,0.17975686490535736,6.183676242828369,0.19542354345321655
217,6.773290634155273,0.17986275255680084,6.753504753112793,0.19636471569538116
218,5.676914215087891,0.17899608612060547,6.204377174377441,0.19552549719810486
219,6.241060733795166,0.18007059395313263,6.5231804847717285,0.19510197639465332
220,6.781615257263184,0.18047451972961426,6.190284729003906,0.19575294852256775
221,6.139518737792969,0.1799921691417694,6.4671244621276855,0.19603529572486877
222,6.618873596191406,0.17990589141845703,5.76024866104126,0.1964823603630066
223,5.788290023803711,0.1798117756843567,6.114485740661621,0.1972588300704956
224,5.780219554901123,0.1793568730354309,6.050440311431885,0.19804707169532776
225,6.144439697265625,0.1790313869714737,6.112430572509766,0.1985921710729599
226,6.144710540771484,0.17924706637859344,5.517283916473389,0.1992078572511673
227,7.100826263427734,0.17960785329341888,6.357356071472168,0.19941961765289307
228,6.151965141296387,0.17980000376701355,5.965649127960205,0.19909413158893585
229,6.427165985107422,0.17927059531211853,5.911657810211182,0.19835294783115387
230,5.956975936889648,0.17791765928268433,6.079758167266846,0.19818824529647827
231,5.7343878746032715,0.17692157626152039,5.94980525970459,0.19897255301475525
232,5.148192882537842,0.1785411834716797,6.233312606811523,0.1999451071023941
233,6.258183479309082,0.1791764795780182,6.084261894226074,0.20072157680988312
234,6.180732250213623,0.1789921671152115,6.056024551391602,0.2011372596025467
235,6.471235275268555,0.1806313842535019,6.595654010772705,0.2011176496744156
236,6.625124454498291,0.18184314668178558,6.096037864685059,0.20092158019542694
237,6.550627708435059,0.18180392682552338,6.1303534507751465,0.20163530111312866
238,6.28126335144043,0.18146666884422302,5.702991485595703,0.20276863873004913
239,6.694347858428955,0.1806078553199768,5.69352388381958,0.2030392289161682
240,6.70270299911499,0.17975294589996338,5.598544120788574,0.2038196176290512
241,6.129070281982422,0.1800784468650818,6.205946922302246,0.20381569862365723
242,6.906351566314697,0.18065491318702698,6.20361852645874,0.20381569862365723
243,5.768940448760986,0.18200784921646118,5.605659484863281,0.20369020104408264
244,6.051482200622559,0.18226274847984314,5.4389328956604,0.202223539352417
245,5.9648942947387695,0.18236079812049866,5.49321985244751,0.20110981166362762
246,5.811927318572998,0.18220393359661102,6.056380748748779,0.20030197501182556
247,7.068560600280762,0.1822274625301361,5.882934093475342,0.20096471905708313
248,6.328597545623779,0.18236863613128662,5.647188663482666,0.20260000228881836
249,5.848410129547119,0.1821882426738739,6.32215690612793,0.20338432490825653
250,6.028295993804932,0.1820235401391983,6.025538444519043,0.20414510369300842
251,5.957859992980957,0.18256863951683044,5.673104763031006,0.20534510910511017
252,5.9138054847717285,0.18391373753547668,6.452436923980713,0.20536471903324127
253,6.239007472991943,0.18463529646396637,5.448240756988525,0.20522746443748474
254,5.653082370758057,0.18467843532562256,6.620205402374268,0.20585490763187408
255,6.1687703132629395,0.18434511125087738,6.155750274658203,0.20573334395885468
256,6.263969898223877,0.184011772274971,5.942047119140625,0.20617255568504333
257,6.626044750213623,0.18408235907554626,5.81602668762207,0.2067764848470688
258,6.9811248779296875,0.1835647076368332,5.754804611206055,0.20686274766921997
259,6.6333441734313965,0.18367843329906464,6.31184720993042,0.20651765167713165
260,5.524194717407227,0.18357256054878235,6.073728084564209,0.20713725686073303
261,6.658276557922363,0.1833960860967636,6.162608623504639,0.20781177282333374
262,6.201755523681641,0.18414902687072754,4.991625785827637,0.20828628540039062
263,6.75960636138916,0.18470196425914764,5.37600564956665,0.20822353661060333
264,5.844970226287842,0.18449804186820984,5.418673038482666,0.20699608325958252
265,5.606082439422607,0.18431764841079712,6.170287609100342,0.20661570131778717
266,6.906563758850098,0.18455687165260315,6.415482521057129,0.2065882384777069
267,6.557344436645508,0.1855725646018982,5.368445873260498,0.2073255032300949
268,6.23975133895874,0.1860862821340561,6.1345953941345215,0.20789805054664612
269,6.08957576751709,0.1863529533147812,5.947357654571533,0.20778432488441467
270,6.330242156982422,0.18607844412326813,5.761621952056885,0.20791374146938324
271,5.859824180603027,0.18577255308628082,5.831203460693359,0.20793727040290833
272,5.6926445960998535,0.1849176585674286,6.077548980712891,0.20834118127822876
273,6.180367469787598,0.18508628010749817,6.561507225036621,0.2085372656583786
274,6.208624839782715,0.18523530662059784,6.257627010345459,0.20843137800693512
275,6.129930019378662,0.18598432838916779,6.10676908493042,0.20840393006801605
276,5.93291711807251,0.18641570210456848,6.469235897064209,0.20863530039787292
277,6.257311820983887,0.1856117695569992,5.548033237457275,0.20889413356781006
278,5.666048526763916,0.1849176585674286,5.690998554229736,0.20950588583946228
279,6.5906662940979,0.18531373143196106,6.509929656982422,0.20925883948802948
280,6.822220325469971,0.18638040125370026,5.895227909088135,0.20805491507053375
281,6.433442115783691,0.18749020993709564,5.392184734344482,0.2081451117992401
282,5.942811489105225,0.18750588595867157,5.246370792388916,0.20943529903888702
283,6.369653224945068,0.18861961364746094,6.408544540405273,0.210713729262352
284,5.717367649078369,0.18929412961006165,6.40645170211792,0.2111019641160965
285,6.507294654846191,0.18961569666862488,6.256303787231445,0.21094903349876404
286,6.250637054443359,0.18856079876422882,6.010193824768066,0.2107294201850891
287,5.939960479736328,0.18801961839199066,5.697788715362549,0.2101137340068817
288,5.780913352966309,0.1878862828016281,5.888473987579346,0.2100980430841446
289,6.161330699920654,0.1879725605249405,6.412797927856445,0.2105451077222824
290,6.495843410491943,0.18910589814186096,5.801845073699951,0.21123921871185303
291,6.734163761138916,0.19025099277496338,5.125302791595459,0.21211765706539154
292,6.538066387176514,0.18982353806495667,5.26591157913208,0.21150197088718414
293,6.359205722808838,0.18825490772724152,6.384088039398193,0.21063922345638275
294,5.668612480163574,0.1878274530172348,5.617398262023926,0.21040001511573792
295,5.964427471160889,0.18750980496406555,6.053147315979004,0.21076472103595734
296,5.924457550048828,0.1876039355993271,5.846425533294678,0.2118000090122223
297,6.635039329528809,0.18801569938659668,5.688997745513916,0.2127019762992859
298,5.741251468658447,0.18898431956768036,5.759897708892822,0.21307843923568726
299,6.243843078613281,0.1890980452299118,5.547873497009277,0.21302354335784912
300,6.595706462860107,0.18965491652488708,6.076733589172363,0.2129882425069809
301,6.008933067321777,0.18898040056228638,5.941098213195801,0.21313726902008057
302,5.883040904998779,0.18781569600105286,5.967207908630371,0.21344314515590668
303,6.072544097900391,0.18875686824321747,5.21865177154541,0.21402746438980103
304,6.298807621002197,0.19042745232582092,5.832699298858643,0.2143607884645462
305,5.473845481872559,0.1915215700864792,5.462808609008789,0.2142353057861328
306,6.3665080070495605,0.1924823671579361,5.629547595977783,0.21380393207073212
307,5.859271049499512,0.1934431493282318,5.151490211486816,0.21373334527015686
308,5.630927085876465,0.192996084690094,6.021768093109131,0.21436472237110138
309,6.10888147354126,0.19275295734405518,6.341738224029541,0.21466276049613953
310,5.922097682952881,0.19265098869800568,6.186208724975586,0.21488235890865326
311,6.321979522705078,0.19202354550361633,5.619575500488281,0.21577255427837372
312,6.384905815124512,0.19170589745044708,5.064786434173584,0.21603138744831085
313,5.488496780395508,0.19144706428050995,6.170307159423828,0.216086283326149
314,6.2729363441467285,0.19120000302791595,6.105396270751953,0.21504706144332886
315,6.480633735656738,0.19107843935489655,6.126080513000488,0.21472157537937164
316,6.413455009460449,0.19028235971927643,6.409186840057373,0.21531765162944794
317,5.106816291809082,0.19027844071388245,5.848496437072754,0.21561568975448608
318,6.50221586227417,0.1908235400915146,6.048250198364258,0.2158980518579483
319,6.119568824768066,0.19130980968475342,6.2790656089782715,0.2152196168899536
320,6.304772853851318,0.19185882806777954,6.419885635375977,0.21485882997512817
321,6.636855125427246,0.1912941336631775,6.199708461761475,0.2153255045413971
322,6.3166046142578125,0.1917019635438919,6.082479000091553,0.2155686318874359
323,6.244091987609863,0.1922784447669983,6.467801570892334,0.21525491774082184
324,6.048910617828369,0.19178040325641632,5.70353364944458,0.21496079862117767
325,5.975937843322754,0.19130197167396545,5.808584213256836,0.21505099534988403
326,6.050853252410889,0.19205883145332336,5.737769603729248,0.21541962027549744
327,5.817427158355713,0.1927490234375,5.760781288146973,0.21569804847240448
328,6.359605312347412,0.19231373071670532,5.4783148765563965,0.21625490486621857
329,5.831363677978516,0.19208627939224243,5.757659435272217,0.21678432822227478
330,5.538814067840576,0.192458838224411,6.132200241088867,0.21720393002033234
331,5.429677486419678,0.19298039376735687,5.967805862426758,0.21699216961860657
332,6.098273754119873,0.19309020042419434,6.0808424949646,0.2169215828180313
333,6.656928062438965,0.1932196170091629,5.4272332191467285,0.21673333644866943
334,5.6398138999938965,0.19370980560779572,6.017185688018799,0.2166353017091751
335,6.03291130065918,0.19463138282299042,5.768874645233154,0.21678824722766876
336,6.12809944152832,0.19517648220062256,5.544376373291016,0.21638432145118713
337,6.554020404815674,0.19554510712623596,6.067419052124023,0.21621178090572357
338,5.778550624847412,0.19640393555164337,5.816701412200928,0.21623922884464264
339,6.215302467346191,0.19690589606761932,6.117558479309082,0.21508236229419708
340,6.734018802642822,0.19716079533100128,6.332503795623779,0.21426275372505188
341,6.000452518463135,0.19685098528862,5.9688873291015625,0.21436864137649536
342,6.454939365386963,0.19718040525913239,5.164801120758057,0.21639609336853027
343,5.509566783905029,0.19729021191596985,5.729428291320801,0.21763922274112701
344,5.449777603149414,0.19710196554660797,5.704357624053955,0.218133345246315
345,6.304708480834961,0.1969098150730133,6.302663803100586,0.21848627924919128
346,5.431666374206543,0.19679217040538788,5.816315650939941,0.2185843288898468
347,6.216411113739014,0.1966666728258133,5.324076175689697,0.21811765432357788
348,6.093372821807861,0.1969725638628006,5.437871932983398,0.21841177344322205
349,6.083252429962158,0.19665098190307617,6.039196968078613,0.21861177682876587
350,6.41630744934082,0.19620785117149353,5.545852184295654,0.21855686604976654
351,6.568892478942871,0.19605490565299988,5.40562105178833,0.21860000491142273
352,6.1243062019348145,0.19765491783618927,5.3071160316467285,0.21839216351509094
353,6.036926746368408,0.19899216294288635,6.208440780639648,0.21872550249099731
354,6.179125785827637,0.19776864349842072,5.611125469207764,0.2191176563501358
355,5.601128101348877,0.19566667079925537,5.683190822601318,0.21875295042991638
356,5.4019389152526855,0.1939803957939148,6.39848518371582,0.21840785443782806
357,5.671521186828613,0.19360393285751343,5.702792644500732,0.21790197491645813
358,6.30950927734375,0.19536079466342926,5.659135818481445,0.21816863119602203
359,6.235034465789795,0.1978157013654709,5.989353179931641,0.21864314377307892
360,5.292171478271484,0.19825491309165955,5.121777057647705,0.21869412064552307
361,6.016390323638916,0.19735294580459595,6.253892421722412,0.2188509851694107
362,6.190176486968994,0.1966274529695511,6.1118011474609375,0.21923138201236725
363,6.004802703857422,0.19665098190307617,5.905359745025635,0.21963530778884888
364,6.624080657958984,0.19671373069286346,6.098167896270752,0.22023138403892517
365,5.687976360321045,0.19720393419265747,5.860146999359131,0.22040000557899475
366,5.8010053634643555,0.1975647211074829,5.7384467124938965,0.22053726017475128
367,5.759219169616699,0.1979568749666214,5.214142322540283,0.22035294771194458
368,6.355001926422119,0.1984902024269104,5.79656982421875,0.22025099396705627
369,6.08067512512207,0.19887451827526093,5.8623528480529785,0.22000393271446228
370,6.470971584320068,0.1995333433151245,5.015254974365234,0.22017255425453186
371,6.15183687210083,0.19926667213439941,6.246330738067627,0.2204078584909439
372,5.780379772186279,0.19945883750915527,5.825470447540283,0.22058825194835663
373,5.462306976318359,0.19870981574058533,5.682670593261719,0.2208431512117386
374,5.549256324768066,0.19823138415813446,5.85591983795166,0.22063137590885162
375,5.278966903686523,0.1988588273525238,5.7254767417907715,0.2208823561668396
376,5.566068649291992,0.1998235434293747,5.573037624359131,0.2215176522731781
377,6.1131086349487305,0.20065490901470184,5.817609786987305,0.2218666821718216
378,6.283336639404297,0.20055295526981354,6.412225723266602,0.22245098650455475
379,6.134090423583984,0.20058824121952057,5.6172590255737305,0.22255687415599823
380,5.843221664428711,0.2008666694164276,6.265396595001221,0.2225019782781601
381,5.736699104309082,0.20058824121952057,5.494837760925293,0.22224706411361694
382,6.0568928718566895,0.2003568708896637,5.979713439941406,0.22212550044059753
383,5.964230537414551,0.2008274644613266,5.215491771697998,0.22225883603096008
384,5.707032680511475,0.20110981166362762,6.244048118591309,0.22235295176506042
385,4.638008117675781,0.20138432085514069,5.297542572021484,0.22257648408412933
386,5.7098164558410645,0.20114903151988983,5.942185878753662,0.22223922610282898
387,5.681186199188232,0.20114117860794067,6.085155487060547,0.2218235433101654
388,5.6302947998046875,0.2014039307832718,5.499697685241699,0.22197255492210388
389,5.617546558380127,0.20224706828594208,5.893608570098877,0.22225883603096008
390,6.314837455749512,0.20250196754932404,5.543819427490234,0.22249020636081696
391,6.151402950286865,0.20135295391082764,5.694345951080322,0.22258040308952332
392,6.207668304443359,0.20101961493492126,5.911675930023193,0.22214119136333466
393,6.769495964050293,0.20149412751197815,5.969588756561279,0.2225607931613922
394,5.530759334564209,0.2025529444217682,6.133113384246826,0.2224627584218979
395,5.931238651275635,0.2028156965970993,5.981414794921875,0.22222353518009186
396,5.461283206939697,0.20258432626724243,6.20143461227417,0.2226862907409668
397,5.341950416564941,0.20303530991077423,5.767101287841797,0.22254903614521027
398,5.787659168243408,0.20426274836063385,5.585256576538086,0.2224000096321106
399,4.913842678070068,0.20514118671417236,5.831722259521484,0.22259609401226044
400,6.037939071655273,0.20449019968509674,5.625495433807373,0.2222156971693039
401,6.561644554138184,0.20407843589782715,5.801584243774414,0.22245098650455475
402,5.584770679473877,0.2040039300918579,5.880559921264648,0.22260785102844238
403,5.692522048950195,0.20342354476451874,5.366434097290039,0.22220000624656677
404,5.93565034866333,0.20309020578861237,5.557829856872559,0.221988245844841
405,6.244821548461914,0.20249804854393005,6.040039539337158,0.22253726422786713
406,6.082887172698975,0.20109020173549652,5.906373500823975,0.22326667606830597
407,6.142405033111572,0.20042745769023895,6.018503665924072,0.22310589253902435
408,6.162211894989014,0.20045490562915802,5.506588935852051,0.22259216010570526
409,6.1983561515808105,0.20050589740276337,5.457434177398682,0.22265490889549255
410,5.83924674987793,0.20136471092700958,5.573129653930664,0.22261177003383636
411,6.126480579376221,0.20140784978866577,6.014685153961182,0.22283530235290527
412,5.929534435272217,0.20189020037651062,6.477195739746094,0.22268235683441162
413,6.139660358428955,0.2028156965970993,5.486532688140869,0.222768634557724
414,6.466126918792725,0.2027960866689682,5.748169898986816,0.22338040173053741
415,5.862576007843018,0.202756866812706,6.413374423980713,0.22369804978370667
416,6.07145357131958,0.20315687358379364,5.79189395904541,0.22376079857349396
417,5.8645100593566895,0.20376864075660706,5.430935382843018,0.22440001368522644
418,5.977999210357666,0.20415295660495758,5.7616472244262695,0.22451765835285187
419,6.110410690307617,0.2044392228126526,5.654837131500244,0.22404314577579498
420,5.500369071960449,0.20367059111595154,5.4598388671875,0.22421178221702576
421,6.2019829750061035,0.20337648689746857,5.852295398712158,0.22429412603378296
422,6.290988445281982,0.20379216969013214,5.909757137298584,0.22382353246212006
423,5.9021477699279785,0.20475687086582184,5.286380290985107,0.2247176617383957
424,6.281816005706787,0.20464706420898438,5.752058982849121,0.22487452626228333
425,5.498615264892578,0.20385098457336426,5.6064982414245605,0.22518040239810944
426,5.957583904266357,0.20397256314754486,5.619450092315674,0.2254549115896225
427,5.852776050567627,0.2044745236635208,5.884366512298584,0.22575294971466064
428,6.186341762542725,0.20534902811050415,6.070546627044678,0.22583138942718506
429,6.1624345779418945,0.20536471903324127,5.400668621063232,0.22594118118286133
430,5.891073226928711,0.20518432557582855,5.328091621398926,0.22601176798343658
431,5.75585412979126,0.20545491576194763,5.929818153381348,0.225600004196167
432,5.424281597137451,0.20609021186828613,5.481081008911133,0.22510981559753418
433,5.133490562438965,0.20658040046691895,5.099196434020996,0.2244313806295395
434,5.834144592285156,0.2074705958366394,5.87990665435791,0.22429412603378296
435,5.805005073547363,0.20769020915031433,5.780962944030762,0.22433334589004517
436,5.4121012687683105,0.20762354135513306,5.421446323394775,0.22491765022277832
437,6.144179821014404,0.208129420876503,5.296501159667969,0.22547060251235962
438,5.587650775909424,0.20873335003852844,5.859033584594727,0.2256392240524292
439,5.908520221710205,0.20940001308918,5.06368350982666,0.22523529827594757
440,5.837444305419922,0.20902353525161743,6.039501190185547,0.22505098581314087
441,6.1037068367004395,0.20869804918766022,5.774502754211426,0.22570589184761047
442,5.650943279266357,0.20846667885780334,4.907246112823486,0.22734510898590088
443,5.984296798706055,0.20814119279384613,5.8780837059021,0.2277294248342514
444,6.549600124359131,0.2085568755865097,6.035031318664551,0.2272392213344574
445,6.060848712921143,0.20983530580997467,5.584078788757324,0.2267686426639557
446,5.329216957092285,0.21010197699069977,5.321698188781738,0.22694510221481323
447,5.296171188354492,0.2099529504776001,5.5233001708984375,0.2278745174407959
448,6.275944232940674,0.20932942628860474,5.59456205368042,0.22773334383964539
449,6.048072338104248,0.20916470885276794,5.398989677429199,0.22745099663734436
450,5.8559136390686035,0.20942354202270508,5.477214813232422,0.2275882512331009
451,5.651978492736816,0.20933334529399872,6.053553104400635,0.22798824310302734
452,5.828971862792969,0.208909809589386,4.731001853942871,0.22819608449935913
453,6.034601211547852,0.20860785245895386,5.001628398895264,0.22812941670417786
454,6.183355808258057,0.20897255837917328,5.550907135009766,0.2281607985496521
455,5.838843822479248,0.20984314382076263,5.823967456817627,0.2281215786933899
456,6.567483901977539,0.21041177213191986,5.4522175788879395,0.2284470647573471
457,6.561955451965332,0.21024315059185028,5.644084453582764,0.22882746160030365
458,5.9709014892578125,0.21017256379127502,5.51706075668335,0.22948628664016724
459,5.7464118003845215,0.21030588448047638,5.777603626251221,0.22992157936096191
460,6.613071918487549,0.20972158014774323,5.285859107971191,0.229701966047287
461,5.323329925537109,0.20835687220096588,5.653929233551025,0.22983138263225555
462,5.49217414855957,0.2082078456878662,5.6872639656066895,0.23036079108715057
463,6.319911479949951,0.20922353863716125,5.037933349609375,0.2300862818956375
464,5.197046756744385,0.20914117991924286,5.637938976287842,0.2300078570842743
465,5.328509330749512,0.20957255363464355,6.119325160980225,0.23000000417232513
466,5.8162150382995605,0.21026276051998138,5.210967063903809,0.22991374135017395
467,6.091639995574951,0.2108353078365326,5.506124019622803,0.22947844862937927
468,6.089541435241699,0.21073725819587708,5.729531764984131,0.22918039560317993
469,5.625760078430176,0.21036863327026367,5.881486892700195,0.2281607985496521
470,5.956188201904297,0.20985883474349976,5.455214023590088,0.2283451110124588
471,6.656235218048096,0.2089294195175171,5.7754716873168945,0.2285725623369217
472,5.677846431732178,0.2083137333393097,5.6103057861328125,0.22835294902324677
473,6.268749237060547,0.20811766386032104,5.126667022705078,0.2285725623369217
474,6.029932498931885,0.20875687897205353,5.016159534454346,0.22858040034770966
475,5.735169887542725,0.20942746102809906,5.943758010864258,0.22891765832901
476,5.557900905609131,0.20955294370651245,5.337998867034912,0.22949020564556122
477,5.722878932952881,0.20961177349090576,6.092555046081543,0.22989021241664886
478,5.348916053771973,0.20967060327529907,5.9026031494140625,0.23044706881046295
479,5.736751556396484,0.20973727107048035,4.899965763092041,0.23074902594089508
480,6.061967849731445,0.20948629081249237,5.086490154266357,0.23064707219600677
481,5.604476451873779,0.20942746102809906,5.314024925231934,0.23074118793010712
482,5.647459030151367,0.2098705917596817,5.253461837768555,0.23065491020679474
483,6.039662837982178,0.21041961014270782,5.379700660705566,0.23093727231025696
484,5.271705627441406,0.21042746305465698,5.443221092224121,0.23040001094341278
485,5.729501724243164,0.21008628606796265,5.737779140472412,0.2302941232919693
486,6.352208614349365,0.209933340549469,4.74316930770874,0.2303372621536255
487,5.2812018394470215,0.2098313868045807,5.548447608947754,0.2302117794752121
488,5.721614837646484,0.21029020845890045,6.022039890289307,0.23032550513744354
489,6.573587417602539,0.2107294201850891,5.911273956298828,0.23065099120140076
490,6.292496204376221,0.21133726835250854,6.134623050689697,0.23074902594089508
491,6.176018714904785,0.21065883338451385,5.404809474945068,0.23095294833183289
492,4.624405860900879,0.21047843992710114,5.77131986618042,0.23109020292758942
493,6.0577497482299805,0.21063530445098877,5.118685722351074,0.2312980443239212
494,6.4451704025268555,0.21137255430221558,4.93255090713501,0.23095686733722687
495,5.758258819580078,0.21170197427272797,5.622869968414307,0.2305372655391693
496,5.757763862609863,0.21168236434459686,5.956136226654053,0.23065099120140076
497,5.729301452636719,0.21189020574092865,5.672837734222412,0.23112942278385162
498,5.994640827178955,0.21193726360797882,5.000175952911377,0.23135687410831451
499,5.431758880615234,0.21277648210525513,5.545058727264404,0.23163922131061554
500,5.925896644592285,0.2138274610042572,6.192910671234131,0.23118039965629578
501,4.824763774871826,0.21365098655223846,4.848604202270508,0.23034903407096863
502,6.266942977905273,0.2134000062942505,5.5657477378845215,0.23096863925457
503,5.3860249519348145,0.213541179895401,5.737331867218018,0.23157648742198944
504,5.613064765930176,0.21275295317173004,6.159709453582764,0.23173333704471588
505,5.835729122161865,0.21244314312934875,5.34965705871582,0.23190197348594666
506,5.722488880157471,0.2130509912967682,5.201808452606201,0.2320784479379654
507,5.640007972717285,0.21328236162662506,5.970217227935791,0.23238824307918549
508,6.063601970672607,0.21284706890583038,5.536403179168701,0.23227059841156006
509,5.731044292449951,0.21256864070892334,5.299601078033447,0.2318313866853714
510,5.383969306945801,0.2124313861131668,5.673762321472168,0.2312353104352951
511,4.481340408325195,0.21175295114517212,5.781871795654297,0.23021569848060608
512,6.0860114097595215,0.21162745356559753,5.414062976837158,0.2298431545495987
513,6.317569732666016,0.21228235960006714,5.077856063842773,0.22994902729988098
514,5.371436595916748,0.21301177144050598,4.989007472991943,0.23074118793010712
515,6.262121200561523,0.2134392261505127,5.296098232269287,0.23155295848846436
516,5.386460781097412,0.2136823683977127,5.752096176147461,0.2320156991481781
517,5.513656139373779,0.21410197019577026,5.940262317657471,0.23245099186897278
518,5.715080738067627,0.21446667611598969,5.8717827796936035,0.23230589926242828
519,5.343827724456787,0.21473334729671478,5.173219680786133,0.23244315385818481
520,5.449524402618408,0.21510197222232819,5.088261604309082,0.23252157866954803
521,6.391419887542725,0.21541176736354828,5.652744293212891,0.23278433084487915
522,5.804917812347412,0.2153451144695282,5.466207504272461,0.23229804635047913
523,5.598454475402832,0.21492941677570343,5.994606018066406,0.23274119198322296
524,5.755512237548828,0.21450981497764587,5.019979953765869,0.23363138735294342
525,5.208229064941406,0.2144039273262024,5.235722064971924,0.2336549162864685
526,5.637613773345947,0.21481569111347198,5.058255672454834,0.23351766169071198
527,6.233079433441162,0.21525098383426666,4.834182262420654,0.23301570117473602
528,5.750485897064209,0.21511372923851013,5.800015449523926,0.23308628797531128
529,5.160746097564697,0.2142353057861328,5.437004566192627,0.23370589315891266
530,4.735548496246338,0.21359609067440033,6.133058547973633,0.2338627576828003
531,5.585567951202393,0.21430981159210205,5.532143592834473,0.23329804837703705
532,6.0685577392578125,0.21476471424102783,4.59718656539917,0.2330823689699173
533,5.963648796081543,0.21492157876491547,5.714756011962891,0.2329568713903427
534,5.537125110626221,0.2138705998659134,5.267287254333496,0.23358824849128723
535,5.74545955657959,0.21256078779697418,5.582966327667236,0.23399217426776886
536,5.68738317489624,0.2122706025838852,5.109181880950928,0.23413726687431335
537,5.8404388427734375,0.21252942085266113,6.175957202911377,0.23438824713230133
538,5.9114556312561035,0.2129647135734558,5.46337366104126,0.23463138937950134
539,5.355821132659912,0.21398432552814484,5.867124557495117,0.23456472158432007
540,6.016544818878174,0.21455687284469604,5.068872928619385,0.23485884070396423
541,5.48830509185791,0.21467843651771545,5.161254405975342,0.23523922264575958
542,5.461773872375488,0.21535687148571014,4.839147567749023,0.23522746562957764
543,5.047372341156006,0.2156941294670105,5.860416412353516,0.23440785706043243
544,4.851058483123779,0.21594902873039246,5.885682582855225,0.23393726348876953
545,6.408920764923096,0.21576471626758575,5.503552436828613,0.2339451014995575
546,6.044642448425293,0.2152196168899536,5.633108615875244,0.23379217088222504
547,6.134165287017822,0.21447059512138367,5.323732376098633,0.23382353782653809
548,5.768383979797363,0.2143019735813141,5.495165824890137,0.23412157595157623
549,5.845727443695068,0.21455687284469604,5.718847274780273,0.23403923213481903
550,6.168508529663086,0.21488235890865326,5.722799777984619,0.2332039326429367
551,5.580507278442383,0.21496471762657166,5.356302261352539,0.2329804003238678
552,5.461798667907715,0.2152000069618225,5.126607418060303,0.23323138058185577
553,5.5153889656066895,0.21578824520111084,5.828498840332031,0.2335725575685501
554,5.112307548522949,0.21642746031284332,4.92969274520874,0.2338588386774063
555,5.889853477478027,0.21633726358413696,5.389164447784424,0.2338392287492752
556,5.869746685028076,0.21570196747779846,5.7095746994018555,0.23352158069610596
557,5.500027179718018,0.2153882384300232,5.435054302215576,0.23343530297279358
558,5.759884357452393,0.21523138880729675,4.412778854370117,0.2336156964302063
559,6.0875115394592285,0.21506275236606598,6.10087776184082,0.23450197279453278
560,5.996280670166016,0.21518824994564056,5.824527263641357,0.23507060110569
561,5.6536478996276855,0.21496471762657166,5.997070789337158,0.2352980524301529
562,5.498941421508789,0.215301975607872,5.201951503753662,0.23553726077079773
563,5.792966842651367,0.21568235754966736,5.15277624130249,0.23541177809238434
564,5.467252731323242,0.21556079387664795,5.167111396789551,0.23552550375461578
565,5.992708683013916,0.21598432958126068,4.899449825286865,0.23550981283187866
566,5.528318881988525,0.21566274762153625,5.862613201141357,0.23585882782936096
567,5.276242733001709,0.21523922681808472,5.334847450256348,0.23626667261123657
568,5.848193168640137,0.21478824317455292,4.726926326751709,0.2364274561405182
569,5.384812831878662,0.21489804983139038,5.310222625732422,0.23686274886131287
570,5.213626384735107,0.21533334255218506,5.402429580688477,0.23728236556053162
571,5.694275856018066,0.2164509892463684,4.978403091430664,0.23774510622024536
572,5.675894260406494,0.2172705978155136,4.815314292907715,0.23702354729175568
573,5.829409122467041,0.21705098450183868,5.506070137023926,0.2364039272069931
574,5.819047927856445,0.21648629009723663,4.9368791580200195,0.2364627569913864
575,5.582608699798584,0.2163058966398239,5.742542266845703,0.23674118518829346
576,5.295026779174805,0.2163921594619751,5.280799388885498,0.2364862859249115
577,5.911798477172852,0.21656079590320587,5.9580464363098145,0.23641961812973022
578,5.128514289855957,0.21671374142169952,5.151210308074951,0.23712942004203796
579,5.792395114898682,0.21644707024097443,5.6065521240234375,0.23770196735858917
580,5.5614728927612305,0.2162862867116928,4.679996013641357,0.23805099725723267
581,5.281531810760498,0.21614117920398712,5.218479156494141,0.23838040232658386
582,5.428921222686768,0.2167372703552246,5.729803562164307,0.23832550644874573
583,5.3707475662231445,0.21718823909759521,5.830857753753662,0.2382078468799591
584,5.830101490020752,0.2181137353181839,5.163827419281006,0.2382470667362213
585,5.520844459533691,0.2187490314245224,5.258208274841309,0.23823922872543335
586,5.720630645751953,0.21914510428905487,5.584776401519775,0.23836471140384674
587,5.285151958465576,0.21876472234725952,5.55338191986084,0.237901970744133
588,5.621514320373535,0.2184627503156662,5.285472393035889,0.23750589787960052
589,5.887866020202637,0.21869805455207825,5.878150463104248,0.23757648468017578
590,6.482673168182373,0.21846666932106018,5.696286678314209,0.23758432269096375
591,5.633002281188965,0.2182549089193344,5.261894226074219,0.2382470667362213
592,5.726755142211914,0.21877256035804749,5.305276393890381,0.23807844519615173
593,5.328276634216309,0.21875686943531036,5.213521480560303,0.23788627982139587
594,5.958560466766357,0.21853727102279663,5.788834571838379,0.23813726007938385
595,5.84780216217041,0.21796470880508423,5.235222816467285,0.23781177401542664
596,5.694681167602539,0.21750588715076447,5.363905906677246,0.23727844655513763
597,6.182345390319824,0.21779216825962067,5.351554870605469,0.23713727295398712
598,6.197442054748535,0.21798039972782135,5.553771018981934,0.237368643283844
599,5.9779510498046875,0.2176000028848648,5.340503692626953,0.23829804360866547
600,5.919305801391602,0.21845099329948425,5.926389694213867,0.2391098141670227
601,5.725879192352295,0.2186078578233719,5.390408039093018,0.23971766233444214
602,5.651808261871338,0.21861569583415985,5.009206771850586,0.23979216814041138
603,5.175614833831787,0.21839608252048492,4.954037189483643,0.23919609189033508
604,6.267073631286621,0.2179490327835083,4.865676403045654,0.23810197412967682
605,5.605531215667725,0.2176823616027832,5.349514007568359,0.2372470647096634
606,5.9504828453063965,0.2177411913871765,4.905210494995117,0.23735295236110687
607,5.868485927581787,0.21794511377811432,5.385291576385498,0.23790980875492096
608,6.145195960998535,0.21822354197502136,5.348179340362549,0.23866668343544006
609,5.821071147918701,0.21797648072242737,6.146913528442383,0.23952549695968628
610,5.808539390563965,0.21783922612667084,5.792167663574219,0.23973727226257324
611,5.412377834320068,0.21777255833148956,5.777397632598877,0.24008236825466156
612,5.513703346252441,0.2185019701719284,5.909689903259277,0.2401568740606308
613,5.455183982849121,0.21972158551216125,5.223141670227051,0.23971374332904816
614,5.802126407623291,0.22016079723834991,6.01734733581543,0.2393137365579605
615,5.493637561798096,0.21994903683662415,5.53255558013916,0.23934118449687958
616,5.906912326812744,0.22021961212158203,5.233600616455078,0.239419624209404
617,6.119694232940674,0.22093334794044495,5.500824928283691,0.23912158608436584
618,5.168295860290527,0.2211686372756958,5.16826868057251,0.23872941732406616
619,5.223114967346191,0.22081570327281952,5.340149402618408,0.23821178078651428
620,5.79986047744751,0.22132158279418945,5.735752105712891,0.2378627508878708
621,6.161792278289795,0.22151373326778412,5.423977851867676,0.2384157031774521
622,5.6338725090026855,0.22177256643772125,4.97417688369751,0.23890197277069092
623,5.513920783996582,0.22156864404678345,5.0606160163879395,0.23980000615119934
624,5.10368013381958,0.22107844054698944,5.585938930511475,0.2395647168159485
625,5.588653564453125,0.22070589661598206,4.655613422393799,0.2395607978105545
626,6.022021770477295,0.22031374275684357,5.77596378326416,0.23906275629997253
627,6.411553859710693,0.22017255425453186,4.985754013061523,0.2391294240951538
628,5.501334190368652,0.22038432955741882,6.0283589363098145,0.23957648873329163
629,6.294250011444092,0.22026275098323822,5.543454170227051,0.23934118449687958
630,5.697477340698242,0.2203058898448944,5.653602123260498,0.23917648196220398
631,5.7219557762146,0.2207804024219513,4.9949631690979,0.23917648196220398
632,5.7845139503479,0.2210039347410202,4.870532989501953,0.2393764853477478
633,5.47446870803833,0.22070981562137604,6.039425849914551,0.23958824574947357
634,5.247020721435547,0.22040000557899475,4.814572334289551,0.2398509979248047
635,5.580988883972168,0.2205529510974884,5.666951656341553,0.24002745747566223
636,5.701485633850098,0.22046667337417603,5.068516731262207,0.24059216678142548
637,5.718510627746582,0.22101569175720215,4.896093845367432,0.2405647188425064
638,5.504759788513184,0.2212902009487152,5.40689754486084,0.2395804077386856
639,5.401193618774414,0.22200000286102295,5.435589790344238,0.23930981755256653
640,6.250521183013916,0.22259216010570526,5.731112480163574,0.23883138597011566
641,5.376863956451416,0.22233334183692932,4.825340747833252,0.23879216611385345
642,5.093254089355469,0.22187843918800354,3.9134182929992676,0.2381058931350708
643,4.891349792480469,0.2217254936695099,4.878689289093018,0.23823139071464539
644,5.716091156005859,0.22158823907375336,5.330647945404053,0.23927059769630432
645,5.341833591461182,0.22122353315353394,5.771846771240234,0.2400117814540863
646,5.68272590637207,0.22128628194332123,5.388812065124512,0.24082353711128235
647,6.169878959655762,0.22176863253116608,5.655782222747803,0.24094903469085693
648,5.834834098815918,0.22125883400440216,5.455628395080566,0.2411411851644516
649,5.7059760093688965,0.22062745690345764,6.0485382080078125,0.24092550575733185
650,5.776406764984131,0.22021961212158203,5.802824974060059,0.2408549189567566
651,5.674674987792969,0.22025491297245026,5.527841091156006,0.24088628590106964
652,5.204245090484619,0.22089412808418274,5.384513854980469,0.2413451075553894
653,5.248790740966797,0.2218862771987915,6.122554302215576,0.24147452414035797
654,5.945531845092773,0.2224196195602417,5.652425289154053,0.24151766300201416
655,5.2482075691223145,0.22294510900974274,5.313004970550537,0.2415529489517212
656,5.166552543640137,0.22285491228103638,5.821670055389404,0.24188236892223358
657,5.991203308105469,0.22301961481571198,5.2703471183776855,0.24220001697540283
658,5.204458713531494,0.22387844324111938,5.388194561004639,0.24178040027618408
659,5.510922431945801,0.22420001029968262,4.894758224487305,0.2410157024860382
660,5.764955997467041,0.22372941672801971,5.730332851409912,0.24119609594345093
661,5.701792240142822,0.22314511239528656,5.587850570678711,0.24190197885036469
662,5.57184362411499,0.22243137657642365,4.936697006225586,0.24192942678928375
663,4.965128421783447,0.22160392999649048,5.1836323738098145,0.24212941527366638
664,5.174875736236572,0.22109413146972656,5.487307071685791,0.2419804036617279
665,5.129210948944092,0.22171373665332794,5.5747904777526855,0.24197256565093994
666,5.631766319274902,0.22285491228103638,5.752117156982422,0.2425568699836731
667,5.754807949066162,0.22447843849658966,5.02847957611084,0.24291765689849854
668,5.944411754608154,0.22487059235572815,5.337643623352051,0.24244314432144165
669,6.039722442626953,0.22407059371471405,5.203332901000977,0.24264706671237946
670,5.800804615020752,0.22370588779449463,5.251371383666992,0.2423686385154724
671,5.701213359832764,0.22340784966945648,5.480205535888672,0.24224314093589783
672,5.910109519958496,0.22396472096443176,5.202145099639893,0.2419804036617279
673,5.803938865661621,0.22421962022781372,5.58231258392334,0.24221961200237274
674,4.940788745880127,0.22405098378658295,5.039011001586914,0.24223922193050385
675,5.310650825500488,0.22411373257637024,4.719764232635498,0.24236471951007843
676,5.43976354598999,0.22345098853111267,4.974925994873047,0.2426353096961975
677,5.932661533355713,0.22318825125694275,5.447934627532959,0.24286668002605438
678,5.145471096038818,0.22328628599643707,5.969737529754639,0.24311374127864838
679,5.251622676849365,0.22329020500183105,5.347073554992676,0.2429058998823166
680,5.280827522277832,0.22303922474384308,5.397374153137207,0.2421058863401413
681,5.629457950592041,0.2223176509141922,5.94509220123291,0.2416549175977707
682,5.775023460388184,0.22198432683944702,5.607212066650391,0.24127060174942017
683,5.167405128479004,0.22210197150707245,5.3946099281311035,0.24103137850761414
684,5.853494167327881,0.2230353057384491,5.381725311279297,0.24136079847812653
685,4.907904624938965,0.22354118525981903,5.018431186676025,0.2414078563451767
686,5.800547122955322,0.2240784466266632,4.695379734039307,0.24137647449970245
687,5.040231227874756,0.2239568680524826,5.2851881980896,0.24095295369625092
688,5.606378555297852,0.2242039293050766,5.49726676940918,0.24094511568546295
689,5.321810245513916,0.22380393743515015,5.350646495819092,0.2413254976272583
690,5.555713653564453,0.2238549143075943,5.463045120239258,0.2417137324810028
691,5.979590892791748,0.22412942349910736,5.909845352172852,0.24193334579467773
692,5.586942195892334,0.22443529963493347,5.680734157562256,0.2419215738773346
693,5.376006603240967,0.22481569647789001,5.3152852058410645,0.2419176548719406
694,6.003303050994873,0.22509412467479706,6.278650760650635,0.24203923344612122
695,5.73620080947876,0.2254941314458847,5.430810928344727,0.24254903197288513
696,5.446110248565674,0.22535687685012817,5.191695690155029,0.2424117773771286
697,5.605630397796631,0.22496864199638367,5.359350204467773,0.24201570451259613
698,5.839532852172852,0.22433334589004517,5.7503509521484375,0.24204707145690918
699,5.567736625671387,0.2240000069141388,5.356749057769775,0.24256472289562225
700,5.382059097290039,0.2250470668077469,4.777926921844482,0.2433529496192932
701,5.548645973205566,0.22552941739559174,5.540821552276611,0.24361570179462433
702,5.653060436248779,0.22528235614299774,6.211343765258789,0.24447059631347656
703,4.953019142150879,0.224819615483284,6.083284378051758,0.24510197341442108
704,5.140418529510498,0.22454510629177094,5.423919200897217,0.24496471881866455
705,6.176366329193115,0.2241019755601883,5.784781455993652,0.24504706263542175
706,5.404066562652588,0.2243686318397522,5.5923171043396,0.24518825113773346
707,5.144210338592529,0.22495687007904053,4.877049922943115,0.24541176855564117
708,5.972456455230713,0.2252705991268158,4.999115943908691,0.2450392246246338
709,5.722914695739746,0.22505883872509003,5.885031223297119,0.2451372593641281
710,5.511143207550049,0.22495687007904053,4.358386039733887,0.24568629264831543
711,5.688223838806152,0.2253921627998352,5.075191974639893,0.24611765146255493
712,5.284348487854004,0.2257803976535797,5.265395164489746,0.24593333899974823
713,5.092040061950684,0.22598432004451752,5.202928066253662,0.24565882980823517
714,5.716285705566406,0.22565099596977234,5.63257360458374,0.24531765282154083
715,6.117744445800781,0.2258235365152359,5.438109874725342,0.24566668272018433
716,5.264187335968018,0.22492550313472748,5.727129936218262,0.24599216878414154
717,5.588084697723389,0.224533349275589,5.548269271850586,0.2456549108028412
718,5.220364093780518,0.2243490368127823,5.423336982727051,0.24563921988010406
719,6.143059253692627,0.22450196743011475,5.087464809417725,0.24497255682945251
720,5.76646614074707,0.22476863861083984,5.303833484649658,0.24452157318592072
721,5.538964748382568,0.22469019889831543,5.38059139251709,0.2437686324119568
722,5.974322319030762,0.2248980551958084,5.77416467666626,0.2433960884809494
723,5.3664870262146,0.22507451474666595,5.491300106048584,0.24416863918304443
724,6.060243606567383,0.22520393133163452,4.8090105056762695,0.2438274621963501
725,5.7229766845703125,0.22612549364566803,5.404391765594482,0.24349020421504974
726,5.575201034545898,0.22652550041675568,5.882591724395752,0.24367843568325043
727,5.708593368530273,0.22684314846992493,3.9569101333618164,0.24414119124412537
728,5.535062789916992,0.2269529551267624,5.469192981719971,0.2448117733001709
729,5.462687015533447,0.22698040306568146,5.118444919586182,0.24586275219917297
730,5.464734077453613,0.22705882787704468,4.834254741668701,0.24615295231342316
731,5.746957302093506,0.2268470674753189,5.579032897949219,0.24631373584270477
732,5.74721622467041,0.22675295174121857,5.417356014251709,0.2466549128293991
733,5.646090984344482,0.22699609398841858,4.567760944366455,0.24705883860588074
734,6.109964370727539,0.22757647931575775,5.361572742462158,0.24692942202091217
735,6.055068016052246,0.2277098149061203,5.672239780426025,0.24645490944385529
736,5.892858028411865,0.2277490347623825,5.06655216217041,0.2460235357284546
737,5.623417854309082,0.22758431732654572,5.295060634613037,0.24591374397277832
738,5.639734745025635,0.2274666726589203,5.282164573669434,0.24669413268566132
739,5.4600443840026855,0.22695687413215637,5.139878273010254,0.2473098188638687
740,5.65609073638916,0.22672942280769348,4.718575954437256,0.24814903736114502
741,6.166839599609375,0.2269098162651062,4.783786296844482,0.24839608371257782
742,5.6120429039001465,0.2271568775177002,5.2374162673950195,0.2481960952281952
743,5.119190692901611,0.22686667740345,5.150891304016113,0.2480941265821457
744,4.829089164733887,0.22749805450439453,5.3858160972595215,0.2479686439037323
745,6.104698181152344,0.22763922810554504,5.437816143035889,0.24816863238811493
746,5.088233470916748,0.22740785777568817,5.197525978088379,0.247905895113945
747,5.502171516418457,0.22741177678108215,5.624960422515869,0.2476196140050888
748,5.465363502502441,0.22729413211345673,5.000663757324219,0.24734902381896973
749,4.677155494689941,0.22738432884216309,5.678854942321777,0.2475176602602005
750,5.757763862609863,0.22790981829166412,5.676024913787842,0.24754902720451355
751,5.550464630126953,0.2284078598022461,5.687990188598633,0.24787452816963196
752,6.085011005401611,0.22892941534519196,5.205073356628418,0.2481764853000641
753,5.9628424644470215,0.2294745147228241,5.1690874099731445,0.24847844243049622
754,5.850250720977783,0.22957256436347961,5.31746244430542,0.24859608709812164
755,5.529816150665283,0.2298235446214676,5.033858299255371,0.24820001423358917
756,5.616507053375244,0.23032158613204956,5.322542190551758,0.24836863577365875
757,5.866726398468018,0.23046667873859406,5.40230655670166,0.24809804558753967
758,5.723105430603027,0.22970589995384216,5.688649654388428,0.24834902584552765
759,5.900256633758545,0.22940000891685486,5.277161121368408,0.24822354316711426
760,5.686166763305664,0.22872942686080933,5.314397811889648,0.24787844717502594
761,6.040938854217529,0.2286509871482849,5.439948081970215,0.2481333464384079
762,5.049950122833252,0.22818824648857117,4.766792297363281,0.24802745878696442
763,4.976929664611816,0.22815687954425812,4.978321075439453,0.24739216268062592
764,4.4980597496032715,0.22802354395389557,5.3530755043029785,0.24721570312976837
765,5.235951900482178,0.22850589454174042,4.9775710105896,0.247125506401062
766,5.562306880950928,0.22872157394886017,5.682943344116211,0.24697647988796234
767,5.749401092529297,0.22909413278102875,5.23582649230957,0.24633726477622986
768,5.84312629699707,0.22948236763477325,5.187541484832764,0.24654510617256165
769,5.37968111038208,0.22975687682628632,5.705465316772461,0.246349036693573
770,5.598766803741455,0.22997255623340607,5.4438395500183105,0.2469451129436493
771,5.608463764190674,0.23016472160816193,4.993709564208984,0.24701961874961853
772,5.267402648925781,0.2303725630044937,4.377749919891357,0.24821177124977112
773,5.3761444091796875,0.23093333840370178,5.115088939666748,0.24863922595977783
774,4.957568168640137,0.23120000958442688,4.8664350509643555,0.2492000162601471
775,5.909951686859131,0.23155687749385834,5.480138778686523,0.24931766092777252
776,5.709188461303711,0.23138824105262756,4.919647693634033,0.2493411898612976
777,5.074445724487305,0.23101961612701416,5.099635601043701,0.2495255023241043
778,5.955000877380371,0.23076863586902618,5.298065662384033,0.24959217011928558
779,5.1260986328125,0.23058824241161346,4.910772800445557,0.24959608912467957
780,5.889513969421387,0.23069804906845093,4.910938739776611,0.24960000813007355
781,5.032092094421387,0.23052549362182617,5.533937931060791,0.24974511563777924
782,4.821966648101807,0.22992157936096191,4.902624130249023,0.24974903464317322
783,5.640320777893066,0.22965098917484283,5.725620746612549,0.24941569566726685
784,5.1100311279296875,0.22950589656829834,5.099217414855957,0.24878039956092834
785,5.767272472381592,0.23045098781585693,5.848455905914307,0.24808628857135773
786,5.450211524963379,0.2312353104352951,5.176368236541748,0.24815687537193298
787,5.943878173828125,0.231505885720253,4.595930099487305,0.24886667728424072
788,5.803169250488281,0.2312588393688202,5.891502380371094,0.24922354519367218
789,5.943325519561768,0.23094119131565094,5.04410457611084,0.24959217011928558
790,5.467734336853027,0.23055687546730042,5.248486518859863,0.24947452545166016
791,5.612821102142334,0.22997255623340607,4.163613796234131,0.2492392212152481
792,5.659199237823486,0.23015686869621277,4.9278950691223145,0.2496078610420227
793,6.193453311920166,0.23016078770160675,5.622542381286621,0.2498353123664856
794,5.286855220794678,0.2301294207572937,4.992779731750488,0.25014904141426086
795,6.182246208190918,0.2295960932970047,5.490324020385742,0.250690221786499
796,5.257772445678711,0.2298196256160736,5.121692657470703,0.2508823573589325
797,5.267881393432617,0.2293529510498047,5.143642902374268,0.2505529522895813
798,4.460857391357422,0.22966668009757996,5.166440963745117,0.2499764859676361
799,5.8480634689331055,0.23021569848060608,5.038848400115967,0.24996471405029297
800,5.306299209594727,0.23071373999118805,5.2497053146362305,0.2504156827926636
801,5.535231113433838,0.2305019646883011,5.361835956573486,0.24974903464317322
802,5.576902866363525,0.23055687546730042,5.6082282066345215,0.2494431436061859
803,5.218307971954346,0.23046667873859406,5.460905075073242,0.24921569228172302
804,5.347850799560547,0.230188250541687,4.7900919914245605,0.24880000948905945
805,5.6078081130981445,0.22994118928909302,5.174293518066406,0.24901962280273438
806,5.582207202911377,0.23013333976268768,5.158557891845703,0.24967844784259796
807,5.20937442779541,0.23069804906845093,5.7389373779296875,0.24951373040676117
808,5.607717990875244,0.2312784343957901,4.914944648742676,0.2500392198562622
809,4.77522611618042,0.2316666841506958,4.644796848297119,0.2503451108932495
810,5.5240325927734375,0.23196472227573395,5.296380996704102,0.25062355399131775
811,4.691915512084961,0.23173727095127106,4.765300750732422,0.25074511766433716
812,5.464072227478027,0.2324666827917099,4.766551494598389,0.25159215927124023
813,4.620038986206055,0.23237648606300354,5.806394100189209,0.25185883045196533
814,5.517047882080078,0.2317686378955841,5.131140232086182,0.25185492634773254
815,5.475922107696533,0.23135687410831451,5.601713180541992,0.25144708156585693
816,6.029696941375732,0.23123137652873993,4.099606990814209,0.2513490319252014
817,5.0980329513549805,0.23175294697284698,4.7113518714904785,0.2513686418533325
818,5.410327911376953,0.23263530433177948,4.182819366455078,0.2513294219970703
819,5.371732711791992,0.23310589790344238,5.664153575897217,0.25101569294929504
820,5.503519058227539,0.23327060043811798,4.645507335662842,0.25117257237434387
821,5.595248699188232,0.23299217224121094,4.550103664398193,0.2514941394329071
822,5.669072151184082,0.2329372614622116,4.851775169372559,0.25165098905563354
823,4.854872703552246,0.23309020698070526,5.855245590209961,0.2515999972820282
824,5.2780232429504395,0.23311765491962433,5.784773826599121,0.25158432126045227
825,5.3668413162231445,0.2333098202943802,4.95218563079834,0.25176864862442017
826,4.858475208282471,0.2333098202943802,4.990596771240234,0.25181177258491516
827,5.129848480224609,0.2331215739250183,5.265340805053711,0.2518823742866516
828,5.4107890129089355,0.23295295238494873,5.49278450012207,0.25185492634773254
829,5.182107925415039,0.23234118521213531,5.3308186531066895,0.25216078758239746
830,5.846924304962158,0.23196864128112793,5.043370723724365,0.25250980257987976
831,5.057238578796387,0.23201961815357208,5.879889011383057,0.25257256627082825
832,4.71083927154541,0.23185883462429047,5.491354942321777,0.25255686044692993
833,4.744753360748291,0.231505885720253,5.75122594833374,0.25206276774406433
834,5.447870254516602,0.23169413208961487,5.582123279571533,0.25160786509513855
835,5.920045852661133,0.23200000822544098,5.634120464324951,0.2513176500797272
836,5.162784099578857,0.23228628933429718,5.526961326599121,0.25134509801864624
837,5.975895404815674,0.232243150472641,5.568690776824951,0.2515411972999573
838,5.141045570373535,0.23223137855529785,5.445211410522461,0.25181177258491516
839,5.567244052886963,0.23240001499652863,4.875130653381348,0.25234901905059814
840,5.79478645324707,0.232243150472641,4.9404826164245605,0.25281569361686707
841,4.966073036193848,0.2321176528930664,5.310332775115967,0.25279608368873596
842,5.249029636383057,0.23178432881832123,5.183406352996826,0.2532157003879547
843,5.457695007324219,0.23232942819595337,5.4006829261779785,0.25320786237716675
844,5.346332550048828,0.2325725555419922,5.1532206535339355,0.2528705894947052
845,5.654726505279541,0.23256079852581024,4.854360580444336,0.2525372803211212
846,5.523133277893066,0.23260000348091125,5.387999534606934,0.25216472148895264
847,5.619950294494629,0.2323647141456604,4.52675199508667,0.25228235125541687
848,5.723854064941406,0.23201178014278412,4.710411548614502,0.25259217619895935
849,5.991890907287598,0.23184706270694733,5.47495698928833,0.2523921728134155
850,5.2264018058776855,0.23237255215644836,5.533796787261963,0.252250999212265
851,4.7725605964660645,0.23289412260055542,5.262316703796387,0.2524196207523346
852,5.100368022918701,0.23263922333717346,5.065932750701904,0.2523764967918396
853,5.363842010498047,0.23204314708709717,5.226609230041504,0.2521686255931854
854,5.992125988006592,0.2320588380098343,4.696064472198486,0.251968652009964
855,5.3654069900512695,0.2323451042175293,5.749449729919434,0.25212550163269043
856,5.481558799743652,0.23329412937164307,4.854812145233154,0.2523215711116791
857,5.210382461547852,0.2336549162864685,5.118894100189209,0.2520666718482971
858,5.79965353012085,0.23400001227855682,4.739384651184082,0.25158825516700745
859,5.306337356567383,0.23344707489013672,5.764384746551514,0.2514784336090088
860,5.477473258972168,0.23341569304466248,5.001465797424316,0.25159215927124023
861,5.884165287017822,0.23378825187683105,4.715137958526611,0.25160786509513855
862,5.0929460525512695,0.23340393602848053,5.621885299682617,0.2517254948616028
863,5.9614033699035645,0.23338432610034943,5.476255416870117,0.25185883045196533
864,4.6880059242248535,0.23335295915603638,5.15963077545166,0.25124314427375793
865,4.90704870223999,0.23308628797531128,5.429487705230713,0.25097647309303284
866,5.7346062660217285,0.2333921641111374,5.233209133148193,0.2514784336090088
867,4.808423042297363,0.2337568700313568,5.897310256958008,0.25178825855255127
868,5.6391377449035645,0.23376472294330597,5.879067420959473,0.2524549067020416
869,5.676885604858398,0.23366275429725647,5.721061706542969,0.2526901960372925
870,5.69307279586792,0.23330196738243103,5.700791835784912,0.2529255151748657
871,5.0514421463012695,0.23296470940113068,5.41091775894165,0.25334903597831726
872,5.737363338470459,0.23263530433177948,5.515447616577148,0.2532235383987427
873,5.866041660308838,0.23261961340904236,4.120582103729248,0.2533999979496002
874,4.858339309692383,0.23267844319343567,4.8995442390441895,0.25365492701530457
875,5.998802661895752,0.23309804499149323,4.753390312194824,0.25382354855537415
876,4.745037078857422,0.23356471955776215,5.668538570404053,0.25398823618888855
877,5.545871257781982,0.2340862900018692,5.1754350662231445,0.25390195846557617
878,5.298489570617676,0.2343764752149582,5.2086358070373535,0.2542431354522705
879,5.772689342498779,0.2345607876777649,5.398125648498535,0.2548588216304779
880,4.053736686706543,0.2346431463956833,5.734875202178955,0.2552509903907776
881,5.140950679779053,0.23417255282402039,4.522934913635254,0.2555411756038666
882,5.256641864776611,0.23378431797027588,5.211304664611816,0.2554941177368164
883,5.713742733001709,0.23369412124156952,5.33682107925415,0.2552039325237274
884,5.36301851272583,0.23376864194869995,5.513729572296143,0.2549411952495575
885,4.613475799560547,0.2342313826084137,5.446342468261719,0.25472551584243774
886,5.618651866912842,0.23438824713230133,5.189563751220703,0.25460392236709595
887,6.0073628425598145,0.23410196602344513,5.132536888122559,0.25479215383529663
888,5.903715133666992,0.23391765356063843,4.745115756988525,0.25525492429733276
889,5.58402156829834,0.23380784690380096,5.178694248199463,0.2552274763584137
890,5.206047534942627,0.23432549834251404,6.031038761138916,0.25476470589637756
891,5.825597763061523,0.23493726551532745,5.832068920135498,0.25372549891471863
892,5.807400226593018,0.23561570048332214,5.001519203186035,0.2527215778827667
893,5.3742995262146,0.2360784411430359,4.550058841705322,0.25314509868621826
894,5.164211273193359,0.23635295033454895,5.39854621887207,0.25300002098083496
895,5.898149490356445,0.23624706268310547,4.885610580444336,0.2529059052467346
896,5.169699668884277,0.23594510555267334,4.727231502532959,0.25252941250801086
897,5.404709815979004,0.2356470674276352,5.4351582527160645,0.25330981612205505
898,4.949504375457764,0.23526667058467865,5.121340751647949,0.25408628582954407
899,5.088594436645508,0.23492549359798431,4.928853988647461,0.25410589575767517
900,5.9666218757629395,0.23498432338237762,5.417521953582764,0.25352942943573
901,5.6807637214660645,0.235317662358284,5.23922061920166,0.2535412013530731
902,5.010079860687256,0.23520393669605255,5.098743915557861,0.25356078147888184
903,5.010109901428223,0.23535294830799103,5.223523139953613,0.25427061319351196
904,5.205716609954834,0.23504707217216492,5.354214191436768,0.2544235289096832
905,5.949343204498291,0.2352941334247589,5.093074798583984,0.2547333538532257
906,5.524745464324951,0.23508235812187195,4.997079849243164,0.25456079840660095
907,5.497909069061279,0.23472550511360168,5.162012100219727,0.254349023103714
908,4.667596817016602,0.23435688018798828,5.077277660369873,0.2540627419948578
909,5.5465545654296875,0.23372942209243774,5.501868724822998,0.2537882328033447
910,5.060103893280029,0.23326276242733002,4.687594890594482,0.25329020619392395
911,4.430415630340576,0.2334745228290558,4.531201362609863,0.2536313831806183
912,5.495177745819092,0.23381178081035614,4.7842230796813965,0.25425100326538086
913,4.061147689819336,0.23405490815639496,5.802688121795654,0.254843145608902
914,5.641609191894531,0.2346000075340271,4.585947036743164,0.2550235390663147
915,5.380000114440918,0.23491373658180237,4.6905198097229,0.25509414076805115
916,5.239175319671631,0.23498040437698364,5.0980682373046875,0.25465884804725647
917,5.724123954772949,0.23454903066158295,5.574919700622559,0.25384706258773804
918,5.218696594238281,0.2347411811351776,5.410686016082764,0.2535686492919922
919,5.313098430633545,0.23485884070396423,5.573175430297852,0.2534274756908417
920,5.2692084312438965,0.23508235812187195,5.38847017288208,0.2531804144382477
921,4.877473831176758,0.23571373522281647,5.455559253692627,0.25250980257987976
922,4.700173854827881,0.23640786111354828,5.680636882781982,0.25228628516197205
923,5.520333766937256,0.23656079173088074,5.4489569664001465,0.25218823552131653
924,5.655942916870117,0.23633725941181183,5.053172588348389,0.2526823580265045
925,4.820015907287598,0.2361804097890854,5.437694549560547,0.25256863236427307
926,5.767259120941162,0.23593726754188538,4.451131343841553,0.2526901960372925
927,5.565690994262695,0.23596863448619843,5.801272869110107,0.25331375002861023
928,5.4098801612854,0.2361804097890854,5.406757831573486,0.25358039140701294
929,5.707597255706787,0.23629020154476166,5.354305744171143,0.25334903597831726
930,5.498556613922119,0.23608627915382385,4.900819778442383,0.25345882773399353
931,5.233178615570068,0.2358941286802292,5.251709461212158,0.25448235869407654
932,4.643075466156006,0.236098051071167,5.212590217590332,0.2547608017921448
933,5.645787715911865,0.23651373386383057,5.396906852722168,0.2553058862686157
934,5.6526713371276855,0.2372862845659256,5.209661483764648,0.2553960978984833
935,5.423527240753174,0.23704314231872559,4.985220909118652,0.25540000200271606
936,5.492039203643799,0.23600393533706665,5.448116779327393,0.25519999861717224
937,6.066809177398682,0.23587843775749207,5.083806991577148,0.25585100054740906
938,5.3016357421875,0.23607060313224792,5.555239200592041,0.25570982694625854
939,6.000500202178955,0.23631766438484192,5.253995418548584,0.25556471943855286
940,5.01470947265625,0.23635686933994293,5.474970817565918,0.25544315576553345
941,5.694589138031006,0.23621177673339844,5.397573471069336,0.25511375069618225
942,5.209539890289307,0.23610980808734894,5.370224475860596,0.25513726472854614
943,4.753688335418701,0.23603138327598572,4.660567283630371,0.2551490366458893
944,5.200012683868408,0.23616471886634827,5.380722999572754,0.25603923201560974
945,5.668414115905762,0.2365294247865677,5.172728538513184,0.25704705715179443
946,5.341927528381348,0.23629413545131683,5.1121506690979,0.25725099444389343
947,4.846845626831055,0.23602746427059174,4.696263313293457,0.2568039298057556
948,5.572665214538574,0.23603922128677368,5.085279941558838,0.2569882571697235
949,5.623263835906982,0.23610980808734894,5.513367652893066,0.25690197944641113
950,5.795509338378906,0.236098051071167,5.650942325592041,0.2569058835506439
951,4.9394917488098145,0.23662354052066803,5.506173610687256,0.2568274736404419
952,5.337756633758545,0.23756863176822662,5.550215721130371,0.25669804215431213
953,5.901965618133545,0.23828628659248352,5.084857940673828,0.2567098140716553
954,5.947793483734131,0.23877647519111633,5.297133922576904,0.25698038935661316
955,6.06520414352417,0.23899216949939728,5.238008499145508,0.25685882568359375
956,5.28790807723999,0.23869021236896515,4.8036065101623535,0.2567411959171295
957,4.765705585479736,0.23809020221233368,5.267171382904053,0.2568431496620178
958,5.14344596862793,0.23803922533988953,5.25907039642334,0.257180392742157
959,5.1380391120910645,0.23815295100212097,5.600619792938232,0.2574078440666199
960,5.62596321105957,0.23794902861118317,4.967077732086182,0.2572745084762573
961,5.756983757019043,0.23797255754470825,5.306571960449219,0.2575647234916687
962,5.712640285491943,0.23777255415916443,5.395524024963379,0.25763529539108276
963,5.0588297843933105,0.2379215806722641,4.740837097167969,0.25738823413848877
964,5.97548246383667,0.2383333444595337,5.355340957641602,0.25722354650497437
965,5.3731608390808105,0.23897647857666016,5.6112823486328125,0.25726667046546936
966,5.4941792488098145,0.23936079442501068,4.643557548522949,0.25745490193367004
967,5.654794216156006,0.23953334987163544,5.338251113891602,0.257376492023468
968,5.477330684661865,0.2392549067735672,5.940906524658203,0.25718826055526733
969,5.33637809753418,0.23920001089572906,5.056948184967041,0.2566823661327362
970,5.753914833068848,0.23901569843292236,5.37734317779541,0.25661176443099976
971,5.673707962036133,0.23937256634235382,4.709194183349609,0.25720393657684326
972,5.534879684448242,0.239458829164505,5.004993438720703,0.2574862837791443
973,5.653071403503418,0.2400353103876114,4.729078769683838,0.25741177797317505
974,5.863958358764648,0.23994511365890503,4.9468607902526855,0.25727060437202454
975,5.419390678405762,0.23981569707393646,5.812688827514648,0.2572980523109436
976,5.276805877685547,0.2396431416273117,5.1372456550598145,0.25687453150749207
977,5.0678629875183105,0.2395843267440796,4.971786975860596,0.2570157051086426
978,5.234044075012207,0.23951373994350433,5.292990684509277,0.2575647234916687
979,5.757740020751953,0.2393333464860916,5.057247638702393,0.2578745186328888
980,4.657301425933838,0.2393960952758789,5.191932201385498,0.25778040289878845
981,5.756592273712158,0.23901177942752838,4.04119873046875,0.2581372559070587
982,5.467099189758301,0.23928628861904144,5.320835113525391,0.25853726267814636
983,5.291597843170166,0.23921962082386017,4.9951982498168945,0.25851765275001526
984,5.300832748413086,0.2396000176668167,4.973728656768799,0.25853726267814636
985,4.275935173034668,0.2394000142812729,6.02433967590332,0.25810980796813965
986,5.923170566558838,0.2392549067735672,5.114306926727295,0.25778433680534363
987,5.257623195648193,0.2393333464860916,4.98347806930542,0.2576274573802948
988,4.8453803062438965,0.239705890417099,4.536454677581787,0.2572980523109436
989,5.690809726715088,0.2404039353132248,5.322795867919922,0.2577725648880005
990,5.788898944854736,0.23972941935062408,4.995779991149902,0.2580117881298065
991,5.651167392730713,0.2392157018184662,5.675689220428467,0.25850197672843933
992,5.554651260375977,0.23861177265644073,4.742496490478516,0.2584705948829651
993,4.999833106994629,0.23870980739593506,4.582940578460693,0.25850197672843933
994,5.299220085144043,0.23901177942752838,5.311307430267334,0.2585490345954895
995,5.7091522216796875,0.23938432335853577,4.8275299072265625,0.2589647173881531
996,5.722866058349609,0.23996078968048096,5.070446491241455,0.25956863164901733
997,5.403635501861572,0.24026668071746826,5.562327861785889,0.2596588432788849
998,5.831969738006592,0.24045491218566895,4.86492919921875,0.25974512100219727
999,5.306005477905273,0.24034902453422546,5.166317462921143,0.25935688614845276
